ID,year,county,season_temperature_f,mean_precip,season_preciptation_total_mm,Diaporthe_sp,Alternaria_Alternata,COLLETOTRICHUM,FUSARIUM,CLONOSTACHYS,TRICHODERMA,EPICOCCUM,MACROPHOMINA,MUCOR,RED_CROWN_ROT
BSF23AF3926,2023,Alexander,70.9,4.79,19.15,1,,,1,,,,1,,
BSP23PA3926,2023,Alexander,70.9,4.79,19.15,1,,,1,,,,,,
BSU23UA926,2023,Alexander,70.9,4.79,19.15,1,,,1,,,,1,,
BSUNAT19,2023,Bond,67.7,2.87,11.48,,,,,,,,,,
BSU23EU929,2023,Edwards,68.5,3.85,15.41,1,,,,,,,1,,
"BSU23FU4928	",2023,Franklin,69.3,4.66,18.62,1,,,1,,,,1,,
BSU23GU929,2023,Gallatin,68.6,3.8,15.2,,,,,,,,1,,
BSU23LU929,2023,Gallatin,68.6,3.8,15.2,,,,1,,,,1,,
BSU23HU929,2023,Hardin,68.4,3.19,12.74,1,,,,,1,,1,,
BSM23JM928,2023,Jackson,69.3,3.96,15.95,1,1,1,1,1,,,,,
BSU23JU5928,2023,Jefferson,68.3,3.69,14.75,1,,,,,,,1,,
BSU23JU926,2023,Johson,69.5,4.08,16.31,1,,,,,,,1,,
"BVUGG121	",2023,Madison,68.9,3.47,13.86,1,,,,,,,,,
BVUGG2921,2023,Madison,68.9,3.47,13.86,,,,,,,,,,
BVUGG3921,2023,Madison,68.9,3.47,13.86,,,,,,,,1,,
BVUGG4921,2023,Madison,68.9,3.47,13.86,1,,,,,,,1,,
BVUGG5921,2023,Madison,68.9,3.47,13.86,1,,,,,,,1,,
BVUGG67921,2023,Madison,68.9,3.47,13.86,,,,1,,,,,,
BSU23MU926,2023,Massac,69.2,4.4,17.6,1,,,,,,,,,
BSW23MW926,2023,Massac,69.2,4.4,17.6,1,,,,,,,,,
BSM23PU928,2023,Perry,69.1,3.83,15.3,1,,,,,,,1,,
BSF23FP926,2023,Pulaski,69.9,4.48,17.91,1,,,,,,,,,
BSR23RR928,2023,Randolph,68.6,2.94,11.75,1,,,,,,,1,,
BSM23SM926,2023,Saline,68.9,3.59,14.36,1,,,,,,,1,,
BSFSTC822,2023,Christian,67.3,2.93,11.71,1,,,,,,,,,
BSRSTC822,2023,Christian,67.3,2.93,11.71,1,,,1,,,,1,,
BSU23WU929,2023,Wabash,68.6,4.31,17.23,,,,1,,,,1,,
BSM23WM929,2023,Wayne,67.9,3.48,13.91,,,,,,,,1,,
BSNNEM929,2023,Wayne,67.9,3.48,13.91,,,,,,,,1,,
BSU23WU2928,2023,Willianson,69,4.83,19.32,,,,,,,,1,,
BSD23ID929,2023,Pope,68.6,4.55,18.2,1,,,,1,,,,,
BSRNAT489,2023,Marion,68.3,3.22,12.87,,,1,,1,,,,,
BSU1L91,2023,Clinton,68.4,2.89,11.55,1,,,,,,,,,
BSU23JWU926,2023,Monroe,68.4,1.84,7.37,,1,1,,,,,1,,
BSU23UG104,2023,Richland,68.3,4,12.08,1,,,,,,,,,
BSU444GHOD,2023,Lawrence,67.8,3.66,12.32,,,1,1,,,,,,
BSU23UG2O4,2023,White,68.6,3.48,13.92,1,,1,,1,,,,,
BSU23UM19,2023,White,68.6,3.48,13.92,1,,,,,,,,,
BSU28GO929,2023,White,68.6,3.48,13.92,1,1,1,,,,,,,1
BSU3AG910,2023,White,68.6,3.48,13.92,1,1,,1,,,,,,
BSU4ML91,2023,Hamilton,68.4,3.66,12.92,,1,,,,,,,1,
BSU5KV91,2023,Hamilton,68.4,3.66,12.92,,,,1,,,,,,
BSUNAT289,2023,Union,68.5,3.64,12.55,1,,,1,,,,,,
BSUNAT389,2023,Clay,68.6,4.01,13.01,,,,,,,,,,1
BSUFSP811,2022,Adans,66.55,5.015,20.06,1,1,,,,,,,,
BSDNDO27,2022,Carrol,61.1,4.91,19.62,,,1,1,,,,,,
BVABay14,2022,Cumberland,67.2,4.59,18.34,1,,,,,,,,,
BSUME1027,2022,Edgar,65.8,3.35,13.41,1,,,,,,1,1,,
BSUME2O27,2022,Edgar,65.8,3.35,13.41,1,,1,,,,,,,
BSDRB127,2022,Iroquois,64,3.38,13.25,1,,1,,,,,1,,
BSDRB2O27,2022,Iroquois,64,3.38,13.25,1,,1,,,,,,,
BSD35127,2022,Washington,68.9,4.63,18.53,1,,,1,,,,1,1,1
BSD40127,2022,Washington,68.9,4.63,18.53,1,,,1,,,,,,
BSCBAY927,2022,Washington,68.9,4.63,18.53,1,,,,,,,,1,
BSCANN921,2022,Jackson,69.7,3.42,13.69,1,,,1,,,1,,,
BSVCG127,2022,Kane,62.2,4.13,16.53,,,1,,,,,,,
BSVCG2O27 ,2022,kane,62.2,4.13,16.53,1,,,,,,,,,
BSUJA21O7,2022,La Sale,63,3.2,12.8,,,1,1,,,,1,,
BSUJAM17,2022,La Sale,63,3.2,12.8,1,1,1,,,,1,,,
BVU1sT140,2022,Macoupin,67.9,5.12,20.47,1,1,1,,,,1,1,,
BSCfus15,2022,Madison,67.9,4.69,18.76,1,,,,,1,,1,,
BSCHOL17,2022,Marshall,64.8,3.48,13.93,1,,1,1,,,,,,
BSDGN19,2022,mc lean,64.7,3.24,12.94,,,1,1,,1,1,,,
BSDGN2O9,2022,mc lean,64.7,3.24,12.94,,,,,,,,,,
BSVPB1O9,2022,Mc lean,64.7,3.24,12.94,,,1,,,1,,1,,
BSVPB209,2022,Mc lean,64.7,3.24,12.94,1,,,,,1,,,,
BSVJG1106,2022,mclean,64.7,3.24,12.94,1,,,,,1,1,,1,
BSVJG2106,2022,mclean,64.7,3.24,12.94,1,,,,1,,1,,,
BSTT1020,2022,Morgan,66.4,4.91,19.64,1,,,1,,,,,,
BSTT2O20,2022,Morgan,66.4,4.91,19.64,,,,,,,,,,
BSVBE21O7,2022,Randolph,69.5,4.08,16.33,1,,1,1,,,,1,,
BSVBEL17,2022,Randolph,69.5,4.08,16.33,1,,1,1,,,,,,
BSVTS1O27,2022,Stephenson,61.4,4.04,16.17,1,,1,1,,,,,,
BSVTS2O27,2022,Stephenson,61.4,4.04,16.17,1,,1,1,,,,,,
BSVNH109,2022,Washington,68.9,4.63,18.53,1,,,1,,,,,,
BSVNH2O9*,2022,Washington,68.9,4.63,18.53,1,,1,,,1,,,,
BSSDC127,2022,Whiteside,62.7,4.55,18.2,,,,1,,,,,,
BSSDC2O27,2022,Whiteside,62.7,4.55,18.2,1,,,,,1,,,,
BSVTB1O27,2022,Winnebago,62.7,4.35,17.4,,1,,1,,1,,,,
BSVTB2O27,2022,Winnebago,62.7,4.35,17.4,1,,,,,1,,,,
BSSSDS105,2022,St. Clair County,69.9,4.92,19.67,1,1,1,1,,,,1,,